{
  "version": 1,
  "kind": "isotonic_piecewise",
  "n_samples": 13,
  "enabled": false,
  "apply_global": false,
  "x": [
    0.0,
    0.05,
    0.1,
    0.15,
    0.2,
    0.25,
    0.3,
    0.35,
    0.4,
    0.45,
    0.5,
    0.55,
    0.6,
    0.65,
    0.7,
    0.75,
    0.8,
    0.85,
    0.9,
    0.95,
    1.0
  ],
  "y": [
    0.0,
    0.027976,
    0.062667,
    0.062667,
    0.096774,
    0.238889,
    0.327,
    0.433088,
    0.663713,
    0.773107,
    0.8538,
    0.8538,
    0.8538,
    0.8538,
    0.8538,
    0.8538,
    0.8538,
    0.8538,
    0.8538,
    0.8538,
    0.8538
  ],
  "by_role": {
    "data_scientist": {
      "x": [
        0.0,
        0.05,
        0.1,
        0.15,
        0.2,
        0.25,
        0.3,
        0.35,
        0.4,
        0.45,
        0.5,
        0.55,
        0.6,
        0.65,
        0.7,
        0.75,
        0.8,
        0.85,
        0.9,
        0.95,
        1.0
      ],
      "y": [
        0.0,
        0.027976,
        0.062667,
        0.062667,
        0.096774,
        0.238889,
        0.327,
        0.433088,
        0.663713,
        0.773107,
        0.8538,
        0.8538,
        0.8538,
        0.8538,
        0.8538,
        0.8538,
        0.8538,
        0.8538,
        0.8538,
        0.8538,
        0.8538
      ]
    }
  }
}